TRUNCATE animal;
TRUNCATE person;
TRUNCATE animal_breed;
TRUNCATE animal_type;

insert into animal_type (id, name) VALUES (1, 'Cat'), (2, 'Dog'), (3, 'Hamster');

insert into animal_breed (name, id_type) VALUES ('Unknown', 1);
insert into animal_breed (name, id_type) VALUES ('Abyssinian', 1);
insert into animal_breed (name, id_type) VALUES ('Aegean', 1);
insert into animal_breed (name, id_type) VALUES ('American Curl', 1);
insert into animal_breed (name, id_type) VALUES ('American Bobtail', 1);
insert into animal_breed (name, id_type) VALUES ('American Shorthair', 1);
insert into animal_breed (name, id_type) VALUES ('American Wirehair', 1);
insert into animal_breed (name, id_type) VALUES ('Aphrodite Giant', 1);
insert into animal_breed (name, id_type) VALUES ('Arabian Mau', 1);
insert into animal_breed (name, id_type) VALUES ('Australian Mist', 1);
insert into animal_breed (name, id_type) VALUES ('Asian', 1);
insert into animal_breed (name, id_type) VALUES ('Asian Semi-longhair', 1);
insert into animal_breed (name, id_type) VALUES ('Balinese', 1);
insert into animal_breed (name, id_type) VALUES ('Bambino', 1);
insert into animal_breed (name, id_type) VALUES ('Bengal', 1);
insert into animal_breed (name, id_type) VALUES ('Birman', 1);
insert into animal_breed (name, id_type) VALUES ('Bombay', 1);
insert into animal_breed (name, id_type) VALUES ('Brazilian Shorthair', 1);
insert into animal_breed (name, id_type) VALUES ('British Semi-longhair', 1);
insert into animal_breed (name, id_type) VALUES ('British Shorthair', 1);
insert into animal_breed (name, id_type) VALUES ('British Longhair', 1);
insert into animal_breed (name, id_type) VALUES ('Burmese', 1);
insert into animal_breed (name, id_type) VALUES ('Burmilla', 1);
insert into animal_breed (name, id_type) VALUES ('California Spangled', 1);
insert into animal_breed (name, id_type) VALUES ('Chantilly-Tiffany', 1);
insert into animal_breed (name, id_type) VALUES ('Chartreux', 1);
insert into animal_breed (name, id_type) VALUES ('Chausie', 1);
insert into animal_breed (name, id_type) VALUES ('Cheetoh', 1);
insert into animal_breed (name, id_type) VALUES ('Colorpoint Shorthair', 1);
insert into animal_breed (name, id_type) VALUES ('(For Longhair, see Javanese below)', 1);
insert into animal_breed (name, id_type) VALUES ('Cornish Rex', 1);
insert into animal_breed (name, id_type) VALUES ('Cymric, or', 1);
insert into animal_breed (name, id_type) VALUES ('Manx Longhair', 1);
insert into animal_breed (name, id_type) VALUES ('Longhaired Manx', 1);
insert into animal_breed (name, id_type) VALUES ('Cyprus', 1);
insert into animal_breed (name, id_type) VALUES ('Devon Rex', 1);
insert into animal_breed (name, id_type) VALUES ('Donskoy, or', 1);
insert into animal_breed (name, id_type) VALUES ('Don Sphynx', 1);
insert into animal_breed (name, id_type) VALUES ('Dragon Li', 1);
insert into animal_breed (name, id_type) VALUES ('Dwelf', 1);
insert into animal_breed (name, id_type) VALUES ('Egyptian Mau', 1);
insert into animal_breed (name, id_type) VALUES ('European Shorthair', 1);
insert into animal_breed (name, id_type) VALUES ('Exotic Shorthair', 1);
insert into animal_breed (name, id_type) VALUES ('Foldex', 1);
insert into animal_breed (name, id_type) VALUES ('German Rex', 1);
insert into animal_breed (name, id_type) VALUES ('Havana Brown', 1);
insert into animal_breed (name, id_type) VALUES ('Highlander', 1);
insert into animal_breed (name, id_type) VALUES ('Himalayan, or', 1);
insert into animal_breed (name, id_type) VALUES ('Colorpoint Persian', 1);
insert into animal_breed (name, id_type) VALUES ('Japanese Bobtail', 1);
insert into animal_breed (name, id_type) VALUES ('Javanese, or', 1);
insert into animal_breed (name, id_type) VALUES ('Colorpoint Longhair', 1);
insert into animal_breed (name, id_type) VALUES ('Karelian Bobtail', 1);
insert into animal_breed (name, id_type) VALUES ('Khao Manee', 1);
insert into animal_breed (name, id_type) VALUES ('Korat', 1);
insert into animal_breed (name, id_type) VALUES ('Korean Bobtail', 1);
insert into animal_breed (name, id_type) VALUES ('Korn Ja', 1);
insert into animal_breed (name, id_type) VALUES ('Kurilian Bobtail, or', 1);
insert into animal_breed (name, id_type) VALUES ('Kuril Islands Bobtail', 1);
insert into animal_breed (name, id_type) VALUES ('LaPerm', 1);
insert into animal_breed (name, id_type) VALUES ('Lykoi', 1);
insert into animal_breed (name, id_type) VALUES ('Maine Coon', 1);
insert into animal_breed (name, id_type) VALUES ('Manx', 1);
insert into animal_breed (name, id_type) VALUES ('Mekong Bobtail', 1);
insert into animal_breed (name, id_type) VALUES ('Minskin', 1);
insert into animal_breed (name, id_type) VALUES ('Munchkin', 1);
insert into animal_breed (name, id_type) VALUES ('Nebelung', 1);
insert into animal_breed (name, id_type) VALUES ('Napoleon', 1);
insert into animal_breed (name, id_type) VALUES ('Norwegian Forest cat', 1);
insert into animal_breed (name, id_type) VALUES ('Ocicat', 1);
insert into animal_breed (name, id_type) VALUES ('Ojos Azules', 1);
insert into animal_breed (name, id_type) VALUES ('Oregon Rex', 1);
insert into animal_breed (name, id_type) VALUES ('Oriental Bicolor', 1);
insert into animal_breed (name, id_type) VALUES ('Oriental Shorthair', 1);
insert into animal_breed (name, id_type) VALUES ('Oriental Longhair, or', 1);
insert into animal_breed (name, id_type) VALUES ('Foreign Longhair', 1);
insert into animal_breed (name, id_type) VALUES ('Mandarin', 1);
insert into animal_breed (name, id_type) VALUES ('British Angora (obsolete)', 1);
insert into animal_breed (name, id_type) VALUES ('Persian (modern)', 1);
insert into animal_breed (name, id_type) VALUES ('Persian (traditional)', 1);
insert into animal_breed (name, id_type) VALUES ('Peterbald', 1);
insert into animal_breed (name, id_type) VALUES ('Pixie-bob', 1);
insert into animal_breed (name, id_type) VALUES ('Raas', 1);
insert into animal_breed (name, id_type) VALUES ('Ragamuffin, or', 1);
insert into animal_breed (name, id_type) VALUES ('Liebling (obsolete)', 1);
insert into animal_breed (name, id_type) VALUES ('Ragdoll', 1);
insert into animal_breed (name, id_type) VALUES ('Russian Blue', 1);
insert into animal_breed (name, id_type) VALUES ('Russian White, Black, and Tabby', 1);
insert into animal_breed (name, id_type) VALUES ('Sam Sawet', 1);
insert into animal_breed (name, id_type) VALUES ('Savannah', 1);
insert into animal_breed (name, id_type) VALUES ('Scottish Fold', 1);
insert into animal_breed (name, id_type) VALUES ('Selkirk Rex', 1);
insert into animal_breed (name, id_type) VALUES ('Serengeti', 1);
insert into animal_breed (name, id_type) VALUES ('Serrade petit', 1);
insert into animal_breed (name, id_type) VALUES ('Siamese (modern)', 1);
insert into animal_breed (name, id_type) VALUES ('(for traditional, see Thai, below)', 1);
insert into animal_breed (name, id_type) VALUES ('Siberian, or', 1);
insert into animal_breed (name, id_type) VALUES ('Siberian Forest Cat', 1);
insert into animal_breed (name, id_type) VALUES ('Neva Masquerade (colorpoint variety)', 1);
insert into animal_breed (name, id_type) VALUES ('Singapura', 1);
insert into animal_breed (name, id_type) VALUES ('Snowshoe', 1);
insert into animal_breed (name, id_type) VALUES ('Sokoke', 1);
insert into animal_breed (name, id_type) VALUES ('Somali', 1);
insert into animal_breed (name, id_type) VALUES ('Sphynx', 1);
insert into animal_breed (name, id_type) VALUES ('Suphalak', 1);
insert into animal_breed (name, id_type) VALUES ('Thai, or', 1);
insert into animal_breed (name, id_type) VALUES ('Traditional, Classic, or Old-style Siamese', 1);
insert into animal_breed (name, id_type) VALUES ('Wichien Maat', 1);
insert into animal_breed (name, id_type) VALUES ('Thai Lilac', 1);
insert into animal_breed (name, id_type) VALUES ('Tonkinese', 1);
insert into animal_breed (name, id_type) VALUES ('Tortoiseshell', 1);
insert into animal_breed (name, id_type) VALUES ('Toyger', 1);
insert into animal_breed (name, id_type) VALUES ('Turkish Angora', 1);
insert into animal_breed (name, id_type) VALUES ('Turkish Van', 1);
insert into animal_breed (name, id_type) VALUES ('Ukrainian Levkoy', 1);
insert into animal_breed (name, id_type) VALUES ('York Chocolate', 1);

insert into animal_breed (name, id_type) VALUES ('Unknown', 2);
insert into animal_breed (name, id_type) VALUES ('Alaskan Malamute', 2);
insert into animal_breed (name, id_type) VALUES ('American Bulldog', 2);
insert into animal_breed (name, id_type) VALUES ('American English Coonhound', 2);
insert into animal_breed (name, id_type) VALUES ('American Eskimo Dog', 2);
insert into animal_breed (name, id_type) VALUES ('American Foxhound', 2);
insert into animal_breed (name, id_type) VALUES ('American Pit Bull Terrier', 2);
insert into animal_breed (name, id_type) VALUES ('American Staffordshire Terrier', 2);
insert into animal_breed (name, id_type) VALUES ('American Water Spaniel', 2);
insert into animal_breed (name, id_type) VALUES ('Anatolian Shepherd Dog', 2);
insert into animal_breed (name, id_type) VALUES ('Appenzeller Sennenhunde', 2);
insert into animal_breed (name, id_type) VALUES ('Australian Cattle Dog', 2);
insert into animal_breed (name, id_type) VALUES ('Australian Kelpie', 2);
insert into animal_breed (name, id_type) VALUES ('Australian Shepherd', 2);
insert into animal_breed (name, id_type) VALUES ('Australian Terrier', 2);
insert into animal_breed (name, id_type) VALUES ('Azawakh', 2);
insert into animal_breed (name, id_type) VALUES ('Barbet', 2);
insert into animal_breed (name, id_type) VALUES ('Basenji', 2);
insert into animal_breed (name, id_type) VALUES ('Basset Hound', 2);
insert into animal_breed (name, id_type) VALUES ('Beagle', 2);
insert into animal_breed (name, id_type) VALUES ('Bearded Collie', 2);
insert into animal_breed (name, id_type) VALUES ('Bedlington Terrier', 2);
insert into animal_breed (name, id_type) VALUES ('Belgian Malinois', 2);
insert into animal_breed (name, id_type) VALUES ('Belgian Sheepdog', 2);
insert into animal_breed (name, id_type) VALUES ('Belgian Tervuren', 2);
insert into animal_breed (name, id_type) VALUES ('Berger Picard', 2);
insert into animal_breed (name, id_type) VALUES ('Bernedoodle', 2);
insert into animal_breed (name, id_type) VALUES ('Bernese Mountain Dog', 2);
insert into animal_breed (name, id_type) VALUES ('Bichon Frise', 2);
insert into animal_breed (name, id_type) VALUES ('Black and Tan Coonhound', 2);
insert into animal_breed (name, id_type) VALUES ('Black Mouth Cur', 2);
insert into animal_breed (name, id_type) VALUES ('Black Russian Terrier', 2);
insert into animal_breed (name, id_type) VALUES ('Bloodhound', 2);
insert into animal_breed (name, id_type) VALUES ('Blue Lacy', 2);
insert into animal_breed (name, id_type) VALUES ('Bluetick Coonhound', 2);
insert into animal_breed (name, id_type) VALUES ('Boerboel', 2);
insert into animal_breed (name, id_type) VALUES ('Bolognese', 2);
insert into animal_breed (name, id_type) VALUES ('Border Collie', 2);
insert into animal_breed (name, id_type) VALUES ('Border Terrier', 2);
insert into animal_breed (name, id_type) VALUES ('Borzoi', 2);
insert into animal_breed (name, id_type) VALUES ('Boston Terrier', 2);
insert into animal_breed (name, id_type) VALUES ('Bouvier des Flandres', 2);
insert into animal_breed (name, id_type) VALUES ('Boxer', 2);
insert into animal_breed (name, id_type) VALUES ('Boykin Spaniel', 2);
insert into animal_breed (name, id_type) VALUES ('Bracco Italiano', 2);
insert into animal_breed (name, id_type) VALUES ('Briard', 2);
insert into animal_breed (name, id_type) VALUES ('Brittany', 2);
insert into animal_breed (name, id_type) VALUES ('Brussels Griffon', 2);
insert into animal_breed (name, id_type) VALUES ('Bull Terrier', 2);
insert into animal_breed (name, id_type) VALUES ('Bulldog', 2);
insert into animal_breed (name, id_type) VALUES ('Bullmastiff', 2);
insert into animal_breed (name, id_type) VALUES ('Cairn Terrier', 2);
insert into animal_breed (name, id_type) VALUES ('Canaan Dog', 2);
insert into animal_breed (name, id_type) VALUES ('Cane Corso', 2);
insert into animal_breed (name, id_type) VALUES ('Cardigan Welsh Corgi', 2);
insert into animal_breed (name, id_type) VALUES ('Catahoula Leopard Dog', 2);
insert into animal_breed (name, id_type) VALUES ('Caucasian Shepherd Dog', 2);
insert into animal_breed (name, id_type) VALUES ('Cavalier King Charles Spaniel', 2);
insert into animal_breed (name, id_type) VALUES ('Cesky Terrier', 2);
insert into animal_breed (name, id_type) VALUES ('Chesapeake Bay Retriever', 2);
insert into animal_breed (name, id_type) VALUES ('Chihuahua', 2);
insert into animal_breed (name, id_type) VALUES ('Chinese Crested', 2);
insert into animal_breed (name, id_type) VALUES ('Chinese Shar-Pei', 2);
insert into animal_breed (name, id_type) VALUES ('Chinook', 2);
insert into animal_breed (name, id_type) VALUES ('Chow Chow', 2);
insert into animal_breed (name, id_type) VALUES ('Clumber Spaniel', 2);
insert into animal_breed (name, id_type) VALUES ('Cockapoo', 2);
insert into animal_breed (name, id_type) VALUES ('Cocker Spaniel', 2);
insert into animal_breed (name, id_type) VALUES ('Collie', 2);
insert into animal_breed (name, id_type) VALUES ('Coton de Tulear', 2);
insert into animal_breed (name, id_type) VALUES ('Curly-Coated Retriever', 2);
insert into animal_breed (name, id_type) VALUES ('Dachshund', 2);
insert into animal_breed (name, id_type) VALUES ('Dalmatian', 2);
insert into animal_breed (name, id_type) VALUES ('Dandie Dinmont Terrier', 2);
insert into animal_breed (name, id_type) VALUES ('Doberman Pinscher', 2);
insert into animal_breed (name, id_type) VALUES ('Dogo Argentino', 2);
insert into animal_breed (name, id_type) VALUES ('Dogue de Bordeaux', 2);
insert into animal_breed (name, id_type) VALUES ('Dutch Shepherd', 2);
insert into animal_breed (name, id_type) VALUES ('English Cocker Spaniel', 2);
insert into animal_breed (name, id_type) VALUES ('English Foxhound', 2);
insert into animal_breed (name, id_type) VALUES ('English Setter', 2);
insert into animal_breed (name, id_type) VALUES ('English Springer Spaniel', 2);
insert into animal_breed (name, id_type) VALUES ('English Toy Spaniel', 2);
insert into animal_breed (name, id_type) VALUES ('Entlebucher Mountain Dog', 2);
insert into animal_breed (name, id_type) VALUES ('Field Spaniel', 2);
insert into animal_breed (name, id_type) VALUES ('Finnish Lapphund', 2);
insert into animal_breed (name, id_type) VALUES ('Finnish Spitz', 2);
insert into animal_breed (name, id_type) VALUES ('Flat-Coated Retriever', 2);
insert into animal_breed (name, id_type) VALUES ('Fox Terrier', 2);
insert into animal_breed (name, id_type) VALUES ('French Bulldog', 2);
insert into animal_breed (name, id_type) VALUES ('German Pinscher', 2);
insert into animal_breed (name, id_type) VALUES ('German Shepherd Dog', 2);
insert into animal_breed (name, id_type) VALUES ('German Shorthaired Pointer', 2);
insert into animal_breed (name, id_type) VALUES ('German Wirehaired Pointer', 2);
insert into animal_breed (name, id_type) VALUES ('Giant Schnauzer', 2);
insert into animal_breed (name, id_type) VALUES ('Glen of Imaal Terrier', 2);
insert into animal_breed (name, id_type) VALUES ('Goldador', 2);
insert into animal_breed (name, id_type) VALUES ('Golden Retriever', 2);
insert into animal_breed (name, id_type) VALUES ('Goldendoodle', 2);
insert into animal_breed (name, id_type) VALUES ('Gordon Setter', 2);
insert into animal_breed (name, id_type) VALUES ('Great Dane', 2);
insert into animal_breed (name, id_type) VALUES ('Great Pyrenees', 2);
insert into animal_breed (name, id_type) VALUES ('Greater Swiss Mountain Dog', 2);
insert into animal_breed (name, id_type) VALUES ('Greyhound', 2);
insert into animal_breed (name, id_type) VALUES ('Harrier', 2);
insert into animal_breed (name, id_type) VALUES ('Havanese', 2);
insert into animal_breed (name, id_type) VALUES ('Ibizan Hound', 2);
insert into animal_breed (name, id_type) VALUES ('Icelandic Sheepdog', 2);
insert into animal_breed (name, id_type) VALUES ('Irish Red and White Setter', 2);
insert into animal_breed (name, id_type) VALUES ('Irish Setter', 2);
insert into animal_breed (name, id_type) VALUES ('Irish Terrier', 2);
insert into animal_breed (name, id_type) VALUES ('Irish Water Spaniel', 2);
insert into animal_breed (name, id_type) VALUES ('Irish Wolfhound', 2);
insert into animal_breed (name, id_type) VALUES ('Italian Greyhound', 2);
insert into animal_breed (name, id_type) VALUES ('Jack Russell Terrier', 2);
insert into animal_breed (name, id_type) VALUES ('Japanese Chin', 2);
insert into animal_breed (name, id_type) VALUES ('Japanese Spitz', 2);
insert into animal_breed (name, id_type) VALUES ('Karelian Bear Dog', 2);
insert into animal_breed (name, id_type) VALUES ('Keeshond', 2);
insert into animal_breed (name, id_type) VALUES ('Kerry Blue Terrier', 2);
insert into animal_breed (name, id_type) VALUES ('Komondor', 2);
insert into animal_breed (name, id_type) VALUES ('Kooikerhondje', 2);
insert into animal_breed (name, id_type) VALUES ('Korean Jindo Dog', 2);
insert into animal_breed (name, id_type) VALUES ('Kuvasz', 2);
insert into animal_breed (name, id_type) VALUES ('Labradoodle', 2);
insert into animal_breed (name, id_type) VALUES ('Labrador Retriever', 2);
insert into animal_breed (name, id_type) VALUES ('Lagotto Romagnolo', 2);
insert into animal_breed (name, id_type) VALUES ('Lakeland Terrier', 2);
insert into animal_breed (name, id_type) VALUES ('Lancashire Heeler', 2);
insert into animal_breed (name, id_type) VALUES ('Leonberger', 2);
insert into animal_breed (name, id_type) VALUES ('Lhasa Apso', 2);
insert into animal_breed (name, id_type) VALUES ('Lowchen', 2);
insert into animal_breed (name, id_type) VALUES ('Maltese', 2);
insert into animal_breed (name, id_type) VALUES ('Maltese Shih Tzu', 2);
insert into animal_breed (name, id_type) VALUES ('Maltipoo', 2);
insert into animal_breed (name, id_type) VALUES ('Manchester Terrier', 2);
insert into animal_breed (name, id_type) VALUES ('Mastiff', 2);
insert into animal_breed (name, id_type) VALUES ('Miniature Pinscher', 2);
insert into animal_breed (name, id_type) VALUES ('Miniature Schnauzer', 2);
insert into animal_breed (name, id_type) VALUES ('Mudi', 2);
insert into animal_breed (name, id_type) VALUES ('Mutt', 2);
insert into animal_breed (name, id_type) VALUES ('Neapolitan Mastiff', 2);
insert into animal_breed (name, id_type) VALUES ('Newfoundland', 2);
insert into animal_breed (name, id_type) VALUES ('Norfolk Terrier', 2);
insert into animal_breed (name, id_type) VALUES ('Norwegian Buhund', 2);
insert into animal_breed (name, id_type) VALUES ('Norwegian Elkhound', 2);
insert into animal_breed (name, id_type) VALUES ('Norwegian Lundehund', 2);
insert into animal_breed (name, id_type) VALUES ('Norwich Terrier', 2);
insert into animal_breed (name, id_type) VALUES ('Nova Scotia Duck Tolling Retriever', 2);
insert into animal_breed (name, id_type) VALUES ('Old English Sheepdog', 2);
insert into animal_breed (name, id_type) VALUES ('Otterhound', 2);
insert into animal_breed (name, id_type) VALUES ('Papillon', 2);
insert into animal_breed (name, id_type) VALUES ('Peekapoo', 2);
insert into animal_breed (name, id_type) VALUES ('Pekingese', 2);
insert into animal_breed (name, id_type) VALUES ('Pembroke Welsh Corgi', 2);
insert into animal_breed (name, id_type) VALUES ('Petit Basset Griffon Vendeen', 2);
insert into animal_breed (name, id_type) VALUES ('Pharaoh Hound', 2);
insert into animal_breed (name, id_type) VALUES ('Plott', 2);
insert into animal_breed (name, id_type) VALUES ('Pocket Beagle', 2);
insert into animal_breed (name, id_type) VALUES ('Pointer', 2);
insert into animal_breed (name, id_type) VALUES ('Polish Lowland Sheepdog', 2);
insert into animal_breed (name, id_type) VALUES ('Pomeranian', 2);
insert into animal_breed (name, id_type) VALUES ('Pomsky', 2);
insert into animal_breed (name, id_type) VALUES ('Poodle', 2);
insert into animal_breed (name, id_type) VALUES ('Portuguese Water Dog', 2);
insert into animal_breed (name, id_type) VALUES ('Pug', 2);
insert into animal_breed (name, id_type) VALUES ('Puggle', 2);
insert into animal_breed (name, id_type) VALUES ('Puli', 2);
insert into animal_breed (name, id_type) VALUES ('Pyrenean Shepherd', 2);
insert into animal_breed (name, id_type) VALUES ('Rat Terrier', 2);
insert into animal_breed (name, id_type) VALUES ('Redbone Coonhound', 2);
insert into animal_breed (name, id_type) VALUES ('Rhodesian Ridgeback', 2);
insert into animal_breed (name, id_type) VALUES ('Rottweiler', 2);
insert into animal_breed (name, id_type) VALUES ('Saint Bernard', 2);
insert into animal_breed (name, id_type) VALUES ('Saluki', 2);
insert into animal_breed (name, id_type) VALUES ('Samoyed', 2);
insert into animal_breed (name, id_type) VALUES ('Schipperke', 2);
insert into animal_breed (name, id_type) VALUES ('Schnoodle', 2);
insert into animal_breed (name, id_type) VALUES ('Scottish Deerhound', 2);
insert into animal_breed (name, id_type) VALUES ('Scottish Terrier', 2);
insert into animal_breed (name, id_type) VALUES ('Sealyham Terrier', 2);
insert into animal_breed (name, id_type) VALUES ('Shetland Sheepdog', 2);
insert into animal_breed (name, id_type) VALUES ('Shiba Inu', 2);
insert into animal_breed (name, id_type) VALUES ('Shih Tzu', 2);
insert into animal_breed (name, id_type) VALUES ('Siberian Husky', 2);
insert into animal_breed (name, id_type) VALUES ('Silken Windhound', 2);
insert into animal_breed (name, id_type) VALUES ('Silky Terrier', 2);
insert into animal_breed (name, id_type) VALUES ('Skye Terrier', 2);
insert into animal_breed (name, id_type) VALUES ('Sloughi', 2);
insert into animal_breed (name, id_type) VALUES ('Small Munsterlander Pointer', 2);
insert into animal_breed (name, id_type) VALUES ('Soft Coated Wheaten Terrier', 2);
insert into animal_breed (name, id_type) VALUES ('Stabyhoun', 2);
insert into animal_breed (name, id_type) VALUES ('Staffordshire Bull Terrier', 2);
insert into animal_breed (name, id_type) VALUES ('Standard Schnauzer', 2);
insert into animal_breed (name, id_type) VALUES ('Sussex Spaniel', 2);
insert into animal_breed (name, id_type) VALUES ('Swedish Vallhund', 2);
insert into animal_breed (name, id_type) VALUES ('Tibetan Mastiff', 2);
insert into animal_breed (name, id_type) VALUES ('Tibetan Spaniel', 2);
insert into animal_breed (name, id_type) VALUES ('Tibetan Terrier', 2);
insert into animal_breed (name, id_type) VALUES ('Toy Fox Terrier', 2);
insert into animal_breed (name, id_type) VALUES ('Treeing Tennessee Brindle', 2);
insert into animal_breed (name, id_type) VALUES ('Treeing Walker Coonhound', 2);
insert into animal_breed (name, id_type) VALUES ('Vizsla', 2);
insert into animal_breed (name, id_type) VALUES ('Weimaraner', 2);
insert into animal_breed (name, id_type) VALUES ('Welsh Springer Spaniel', 2);
insert into animal_breed (name, id_type) VALUES ('Welsh Terrier', 2);
insert into animal_breed (name, id_type) VALUES ('West Highland White Terrier', 2);
insert into animal_breed (name, id_type) VALUES ('Whippet', 2);
insert into animal_breed (name, id_type) VALUES ('Wirehaired Pointing Griffon', 2);
insert into animal_breed (name, id_type) VALUES ('Xoloitzcuintli', 2);
insert into animal_breed (name, id_type) VALUES ('Yorkipoo', 2);
insert into animal_breed (name, id_type) VALUES ('Yorkshire Terrier', 2);

insert into animal_breed (name, id_type) VALUES ('Unknown', 3);
insert into animal_breed (name, id_type) VALUES ('Syrian', 3);
insert into animal_breed (name, id_type) VALUES ('Campbell’s', 3);
insert into animal_breed (name, id_type) VALUES ('Winter White', 3);
insert into animal_breed (name, id_type) VALUES ('Roborovski', 3);
insert into animal_breed (name, id_type) VALUES ('Chinese', 3);

Insert into person (firstname, lastname, address, phone, email) VALUES ('Jordon', 'Mcmonagle', '22 William Ave.', '(517) 957-6698', 'Mcmonagle@somemail.com');
Insert into person (firstname, lastname, address, phone, email) VALUES ('Giovanna', 'Mckeighan', 'Tewksbury, MA 01876', '(611) 655-1224', 'Mckeighan@somemail.com');
Insert into person (firstname, lastname, address, phone, email) VALUES ('Rosendo', 'Hotz', '590 Grand Street ', '(447) 745-6997', 'Hotz@somemail.com');
Insert into person (firstname, lastname, address, phone, email) VALUES ('Rufina', 'Tignor', 'Butler, PA 16001', '(208) 722-5718', 'Tignor@somemail.com');
Insert into person (firstname, lastname, address, phone, email) VALUES ('Laurene', 'Gilbert', '77 West Rd. ', '(845) 997-8361', 'Gilbert@somemail.com');
Insert into person (firstname, lastname, address, phone, email) VALUES ('Neomi', 'Rollison', 'Holyoke, MA 01040', '(781) 338-5545', 'Rollison@somemail.com');
Insert into person (firstname, lastname, address, phone, email) VALUES ('Fumiko', 'Rico', '15 Fairview Dr. ', '(498) 775-1694', 'Rico@somemail.com');
Insert into person (firstname, lastname, address, phone, email) VALUES ('Marin', 'Agar', 'Charlottesville, VA 22901', '(954) 345-7467', 'Agar@somemail.com');
Insert into person (firstname, lastname, address, phone, email) VALUES ('Merlyn', 'Suen', '401 Hill Road ', '(677) 910-2893', 'Suen@somemail.com');
Insert into person (firstname, lastname, address, phone, email) VALUES ('Nevada', 'Earl', 'Pewaukee, WI 53072', '(356) 465-1197', 'Earl@somemail.com');
Insert into person (firstname, lastname, address, phone, email) VALUES ('Wilfredo', 'Farinas', '7817 E. Glenholme Drive ', '(408) 610-6460', 'Farinas@somemail.com');
Insert into person (firstname, lastname, address, phone, email) VALUES ('Mary', 'Mercuri', 'Utica, NY 13501', '(336) 287-6991', 'Mercuri@somemail.com');
Insert into person (firstname, lastname, address, phone, email) VALUES ('Billi', 'Weisenberger', '7078 Indian Spring Street ', '(524) 217-9508', 'Weisenberger@somemail.com');
Insert into person (firstname, lastname, address, phone, email) VALUES ('Ouida', 'Hane', 'Ravenna, OH 44266', '(952) 634-5340', 'Hane@somemail.com');
Insert into person (firstname, lastname, address, phone, email) VALUES ('Lia', 'Wootton', '9373 Newport Circle ', '(294) 519-0509', 'Wootton@somemail.com');
Insert into person (firstname, lastname, address, phone, email) VALUES ('Carmela', 'Breiner', 'Williamsport, PA 17701', '(615) 724-3891', 'Breiner@somemail.com');
Insert into person (firstname, lastname, address, phone, email) VALUES ('Tora', 'Flett', '23 Elizabeth Rd. ', '(234) 275-9540', 'Flett@somemail.com');
Insert into person (firstname, lastname, address, phone, email) VALUES ('Cristina', 'Turpen', 'Grand Rapids, MI 49503', '(485) 264-5403', 'Turpen@somemail.com');
Insert into person (firstname, lastname, address, phone, email) VALUES ('Hollis', 'Star', '8984 Central Rd. ', '(421) 707-5671', 'Star@somemail.com');
Insert into person (firstname, lastname, address, phone, email) VALUES ('Arline', 'Bushnell', 'Davison, MI 48423', '(828) 952-1048', 'Bushnell@somemail.com');
Insert into person (firstname, lastname, address, phone, email) VALUES ('Usha', 'Sobota', '7 NW. Sleepy Hollow Street ', '(947) 312-7278', 'Sobota@somemail.com');
Insert into person (firstname, lastname, address, phone, email) VALUES ('Zita', 'Dipaola', 'Union City, NJ 07087', '(982) 649-4247', 'Dipaola@somemail.com');
Insert into person (firstname, lastname, address, phone, email) VALUES ('Gail', 'Start', '9 Rockcrest Ave. ', '(643) 240-2640', 'Start@somemail.com');
Insert into person (firstname, lastname, address, phone, email) VALUES ('Brianne', 'Hollier', 'Jackson Heights, NY 11372', '(799) 910-1586', 'Hollier@somemail.com');
Insert into person (firstname, lastname, address, phone, email) VALUES ('Christena', 'Saddler', '9076 N. Bayberry Avenue ', '(661) 220-1125', 'Saddler@somemail.com');
Insert into person (firstname, lastname, address, phone, email) VALUES ('Kathleen', 'Mitton', 'Danville, VA 24540', '(863) 467-5232', 'Mitton@somemail.com');
Insert into person (firstname, lastname, address, phone, email) VALUES ('Tatiana', 'Haymaker', '8390 Windsor St. ', '(210) 369-1123', 'Haymaker@somemail.com');
Insert into person (firstname, lastname, address, phone, email) VALUES ('Waylon', 'Dahmer', 'Trussville, AL 35173', '(687) 428-5712', 'Dahmer@somemail.com');
Insert into person (firstname, lastname, address, phone, email) VALUES ('Mollie', 'Collin', '562 Oak Valley St. ', '(703) 889-2090', 'Collin@somemail.com');
Insert into person (firstname, lastname, address, phone, email) VALUES ('Cherise', 'Slone', 'Syosset, NY 11791', '(691) 524-3568', 'Slone@somemail.com');
Insert into person (firstname, lastname, address, phone, email) VALUES ('Carl', 'Hayslip', '9645 East Homestead Dr. ', '(913) 804-6986', 'Hayslip@somemail.com');
Insert into person (firstname, lastname, address, phone, email) VALUES ('Antoine', 'Placencia', 'Plainview, NY 11803', '(614) 959-5162', 'Placencia@somemail.com');
Insert into person (firstname, lastname, address, phone, email) VALUES ('Tamatha', 'Zamorano', '8245 N. Bowman Street ', '(830) 546-7679', 'Zamorano@somemail.com');
Insert into person (firstname, lastname, address, phone, email) VALUES ('Valda', 'Switzer', 'Bemidji, MN 56601', '(599) 256-2152', 'Switzer@somemail.com');
Insert into person (firstname, lastname, address, phone, email) VALUES ('Awilda', 'Provence', '9479 Goldfield St. ', '(978) 260-1573', 'Provence@somemail.com');
Insert into person (firstname, lastname, address, phone, email) VALUES ('Antonina', 'Gaudette', 'Middleburg, FL 32068', '(516) 268-6505', 'Gaudette@somemail.com');
Insert into person (firstname, lastname, address, phone, email) VALUES ('Rosalina', 'Garmany', '6 George Street ', '(406) 524-6107', 'Garmany@somemail.com');
Insert into person (firstname, lastname, address, phone, email) VALUES ('Rebeca', 'Bankes', 'Fort Myers, FL 33905', '(847) 768-2429', 'Bankes@somemail.com');
Insert into person (firstname, lastname, address, phone, email) VALUES ('Shella', 'Delossantos', '76 Big Rock Cove Dr. ', '(535) 986-7094', 'Delossantos@somemail.com');
Insert into person (firstname, lastname, address, phone, email) VALUES ('Margarete', 'Albarado', 'Ellicott City, MD 21042', '(936) 250-7030', 'Albarado@somemail.com');
Insert into person (firstname, lastname, address, phone, email) VALUES ('Shelton', 'Vogt', '413 Edgewood St. ', '(613) 402-5536', 'Vogt@somemail.com');
Insert into person (firstname, lastname, address, phone, email) VALUES ('Jeffery', 'Christmas', 'Brentwood, NY 11717', '(616) 500-9295', 'Christmas@somemail.com');
Insert into person (firstname, lastname, address, phone, email) VALUES ('Lucina', 'Seip', '65 Beech Lane ', '(887) 320-4519', 'Seip@somemail.com');
Insert into person (firstname, lastname, address, phone, email) VALUES ('Roselyn', 'Ballard', 'Southington, CT 06489', '(721) 671-8074', 'Ballard@somemail.com');
Insert into person (firstname, lastname, address, phone, email) VALUES ('Petrina', 'Ridgway', '15 Front Ave. ', '(795) 447-7124', 'Ridgway@somemail.com');
Insert into person (firstname, lastname, address, phone, email) VALUES ('Alpha', 'Chrzanowski', 'Harvey, IL 60426', '(306) 457-1084', 'Chrzanowski@somemail.com');
Insert into person (firstname, lastname, address, phone, email) VALUES ('Adalberto', 'Fromm', '8741 Bridge Ave. ', '(359) 747-5141', 'Fromm@somemail.com');
Insert into person (firstname, lastname, address, phone, email) VALUES ('Alesia', 'Liu', 'Duarte, CA 91010', '(351) 268-6704', 'Liu@somemail.com');
Insert into person (firstname, lastname, address, phone, email) VALUES ('Gladis', 'Brownell', '949 Beaver Ridge St. ', '(712) 432-5654', 'Brownell@somemail.com');
Insert into person (firstname, lastname, address, phone, email) VALUES ('Oda', 'Kosakowski', 'Woodstock, GA 30188', '(467) 609-0245', 'Kosakowski@somemail.com');




Insert into animal (name, year, id_breed, id_person) VALUES ('Lucien',2010,301,3);
Insert into animal (name, year, id_breed, id_person) VALUES ('Tamala',2003,97,13);
Insert into animal (name, year, id_breed, id_person) VALUES ('Regena',2015,94,23);
Insert into animal (name, year, id_breed, id_person) VALUES ('Jalisa',2011,140,5);
Insert into animal (name, year, id_breed, id_person) VALUES ('Bella',2006,165,12);
Insert into animal (name, year, id_breed, id_person) VALUES ('Classie',2016,87,37);
Insert into animal (name, year, id_breed, id_person) VALUES ('Davina',2006,229,17);
Insert into animal (name, year, id_breed, id_person) VALUES ('Rheba',2001,234,26);
Insert into animal (name, year, id_breed, id_person) VALUES ('Cecila',2011,267,9);
Insert into animal (name, year, id_breed, id_person) VALUES ('Calista',2000,62,25);
Insert into animal (name, year, id_breed, id_person) VALUES ('Alline',2010,60,36);
Insert into animal (name, year, id_breed, id_person) VALUES ('Dominique',2008,209,45);
Insert into animal (name, year, id_breed, id_person) VALUES ('Melba',2002,11,46);
Insert into animal (name, year, id_breed, id_person) VALUES ('Josiah',2000,269,15);
Insert into animal (name, year, id_breed, id_person) VALUES ('Trudy',2000,168,16);
Insert into animal (name, year, id_breed, id_person) VALUES ('Ruben',2012,234,30);
Insert into animal (name, year, id_breed, id_person) VALUES ('Carlos',2006,293,4);
Insert into animal (name, year, id_breed, id_person) VALUES ('Evelina',2010,64,47);
Insert into animal (name, year, id_breed, id_person) VALUES ('Brittaney',2014,74,23);
Insert into animal (name, year, id_breed, id_person) VALUES ('Stephan',2002,267,23);
Insert into animal (name, year, id_breed, id_person) VALUES ('Joanne',2006,301,46);
Insert into animal (name, year, id_breed, id_person) VALUES ('Nicky',2004,150,30);
Insert into animal (name, year, id_breed, id_person) VALUES ('Spencer',2007,229,6);
Insert into animal (name, year, id_breed, id_person) VALUES ('Frederic',2004,77,31);
Insert into animal (name, year, id_breed, id_person) VALUES ('Heriberto',2005,108,16);
Insert into animal (name, year, id_breed, id_person) VALUES ('Debera',2004,271,39);
Insert into animal (name, year, id_breed, id_person) VALUES ('Judith',2011,81,36);
Insert into animal (name, year, id_breed, id_person) VALUES ('Dennise',2014,128,36);
Insert into animal (name, year, id_breed, id_person) VALUES ('Kirstin',2002,278,49);
Insert into animal (name, year, id_breed, id_person) VALUES ('Elli',2000,41,5);
Insert into animal (name, year, id_breed, id_person) VALUES ('Evelynn',2007,63,49);
Insert into animal (name, year, id_breed, id_person) VALUES ('Judi',2003,212,19);
Insert into animal (name, year, id_breed, id_person) VALUES ('Khalilah',2001,177,12);
Insert into animal (name, year, id_breed, id_person) VALUES ('Wilburn',2002,26,14);
Insert into animal (name, year, id_breed, id_person) VALUES ('Clint',2005,83,17);
Insert into animal (name, year, id_breed, id_person) VALUES ('Cornelia',2011,182,18);
Insert into animal (name, year, id_breed, id_person) VALUES ('Terrence',2004,163,35);
Insert into animal (name, year, id_breed, id_person) VALUES ('Gita',2008,51,6);
Insert into animal (name, year, id_breed, id_person) VALUES ('Myrtis',2009,47,34);
Insert into animal (name, year, id_breed, id_person) VALUES ('Agustina',2014,324,4);
Insert into animal (name, year, id_breed, id_person) VALUES ('Drusilla',2018,219,21);
Insert into animal (name, year, id_breed, id_person) VALUES ('Donn',2011,107,20);
Insert into animal (name, year, id_breed, id_person) VALUES ('Roxann',2000,96,44);
Insert into animal (name, year, id_breed, id_person) VALUES ('Conception',2004,274,47);
Insert into animal (name, year, id_breed, id_person) VALUES ('Katy',2014,75,1);
Insert into animal (name, year, id_breed, id_person) VALUES ('Janyce',2011,249,16);
Insert into animal (name, year, id_breed, id_person) VALUES ('Latricia',2018,49,48);
Insert into animal (name, year, id_breed, id_person) VALUES ('Talisha',2018,160,38);
Insert into animal (name, year, id_breed, id_person) VALUES ('Cruz',2006,180,32);
Insert into animal (name, year, id_breed, id_person) VALUES ('Sidney',2015,268,34);
Insert into animal (name, year, id_breed, id_person) VALUES ('Ervin',2000,83,36);
Insert into animal (name, year, id_breed, id_person) VALUES ('Vivienne',2000,314,43);
Insert into animal (name, year, id_breed, id_person) VALUES ('Pura',2011,1,46);
Insert into animal (name, year, id_breed, id_person) VALUES ('Jeneva',2018,327,40);
Insert into animal (name, year, id_breed, id_person) VALUES ('Alden',2007,265,21);
Insert into animal (name, year, id_breed, id_person) VALUES ('Verlie',2000,4,50);
Insert into animal (name, year, id_breed, id_person) VALUES ('Bennie',2007,310,19);
Insert into animal (name, year, id_breed, id_person) VALUES ('Bruce',2004,320,46);
Insert into animal (name, year, id_breed, id_person) VALUES ('Kerstin',2005,125,28);
Insert into animal (name, year, id_breed, id_person) VALUES ('Waneta',2007,262,19);
Insert into animal (name, year, id_breed, id_person) VALUES ('Larisa',2010,276,17);
Insert into animal (name, year, id_breed, id_person) VALUES ('Alisa',2017,192,50);
Insert into animal (name, year, id_breed, id_person) VALUES ('Rose',2011,190,16);
Insert into animal (name, year, id_breed, id_person) VALUES ('Clifford',2016,120,13);
Insert into animal (name, year, id_breed, id_person) VALUES ('Terina',2000,164,12);
Insert into animal (name, year, id_breed, id_person) VALUES ('Elodia',2011,188,7);
Insert into animal (name, year, id_breed, id_person) VALUES ('Gonzalo',2014,303,21);
Insert into animal (name, year, id_breed, id_person) VALUES ('Jesica',2010,258,22);
Insert into animal (name, year, id_breed, id_person) VALUES ('Katherina',2014,141,32);
Insert into animal (name, year, id_breed, id_person) VALUES ('Lael',2018,86,34);
Insert into animal (name, year, id_breed, id_person) VALUES ('Nelia',2010,293,44);
Insert into animal (name, year, id_breed, id_person) VALUES ('Wenona',2016,151,33);
Insert into animal (name, year, id_breed, id_person) VALUES ('Sherlyn',2006,146,44);
Insert into animal (name, year, id_breed, id_person) VALUES ('Rosy',2013,236,43);
Insert into animal (name, year, id_breed, id_person) VALUES ('Kandi',2000,314,8);
Insert into animal (name, year, id_breed, id_person) VALUES ('Harland',2014,109,11);
Insert into animal (name, year, id_breed, id_person) VALUES ('Fermina',2010,135,9);
Insert into animal (name, year, id_breed, id_person) VALUES ('Fransisca',2014,104,31);
Insert into animal (name, year, id_breed, id_person) VALUES ('Benny',2012,141,20);
Insert into animal (name, year, id_breed, id_person) VALUES ('Grisel',2014,193,30);
Insert into animal (name, year, id_breed, id_person) VALUES ('Gerry',2006,203,43);
Insert into animal (name, year, id_breed, id_person) VALUES ('Victor',2008,274,35);
Insert into animal (name, year, id_breed, id_person) VALUES ('Helen',2011,10,6);
Insert into animal (name, year, id_breed, id_person) VALUES ('Patrina',2005,314,5);
Insert into animal (name, year, id_breed, id_person) VALUES ('Venice',2003,84,11);
Insert into animal (name, year, id_breed, id_person) VALUES ('Sharonda',2015,121,4);
Insert into animal (name, year, id_breed, id_person) VALUES ('Micaela',2015,37,27);
Insert into animal (name, year, id_breed, id_person) VALUES ('Donn',2003,292,48);
Insert into animal (name, year, id_breed, id_person) VALUES ('Krishna',2012,283,46);
Insert into animal (name, year, id_breed, id_person) VALUES ('Kirstie',2018,99,20);
Insert into animal (name, year, id_breed, id_person) VALUES ('Bret',2010,14,11);
Insert into animal (name, year, id_breed, id_person) VALUES ('Jimmie',2012,101,45);
Insert into animal (name, year, id_breed, id_person) VALUES ('Lettie',2003,171,34);
Insert into animal (name, year, id_breed, id_person) VALUES ('Katlyn',2013,3,5);
Insert into animal (name, year, id_breed, id_person) VALUES ('Doretta',2000,277,39);
Insert into animal (name, year, id_breed, id_person) VALUES ('Lourie',2016,324,39);
Insert into animal (name, year, id_breed, id_person) VALUES ('Ulrike',2015,97,33);
Insert into animal (name, year, id_breed, id_person) VALUES ('Steve',2007,176,8);
Insert into animal (name, year, id_breed, id_person) VALUES ('Damon',2013,15,46);
Insert into animal (name, year, id_breed, id_person) VALUES ('Arnette',2015,83,17);